Workbook

Sheet Sheet1
A1: 1st MIL ; 2nd STC ; 3rd MHK ; 4th MZQ ; 5th RACO
A3: VENDOR_NAME | B3: VENDOR_ID | C3: DB | D3: Vend_ID + DB | E3: Std Vend Name
A4: RACO | B4: R017 | C4: MZQ | D4: MZQR017 | E4: RACO
A5: A.I. TOOLS TECH SUPPORT CO., LTD. | B5: A0318 | C5: MIL | D5: MILA0318 | E5: A.I.TOOLS
A6: A.P. INDUSTRY CO., LTD. | B6: A0306 | C6: MIL | D6: MILA0306 | E6: A.P. INDUSTRY
A7: A.R.E. TRADING CO., LTD. | B7: A0017 | C7: MIL | D7: MILA0017 | E7: A.R.E.
A8: ACCESS BUSINESS GROUP | B8: A0184 | C8: MIL | D8: MILA0184 | E8: ABG
A9: ACCESS BUSINESS GROUP | B9: A0232 | C9: MIL | D9: MILA0232 | E9: ABG
A10: ACCESS BUSINESS GROUP (EMS) | B10: A0287 | C10: MIL | D10: MILA0287 | E10: ABG
A11: ACCESS BUSINESS GROUP (MHK) | B11: A0315 | C11: MIL | D11: MILA0315 | E11: ABG
A12: ACCESS BUSINESS GROUP (STC) | B12: A0335 | C12: MIL | D12: MILA0335 | E12: ABG
A13: ACCESS BUSINESS GROUP NSSS (M) | B13: A0139 | C13: MIL | D13: MILA0139 | E13: ABG
A14: ADVANCED TARGETS MATERIALS CO.,LTD. | B14: A0269 | C14: MIL | D14: MILA0269 | E14: ADVANCED TARGETS
... A683: ZHUHAISHIHENGXINNAMIKEJIYOUXIANGONGSI | B683: H104 | C683: RACO | D683: RACOH104 | E683: HENGXIN
A684: Grand Total

Sheet Std Vendor Name
A1: VENDOR_NAME | B1: VENDOR_ID | C1: DB | D1: Vend_ID + DB | E1: Std Vend Name | F1: Remark | G1: 1st MIL ; 2nd STC ; 3rd MHK ; 4th MZQ ; 5th RACO
A2: RACO | B2: R017 | C2: MZQ | D2: MZQR017 | E2: RACO
A3: A.I. TOOLS TECH SUPPORT CO., LTD. | B3: A0318 | C3: MIL | D3: MILA0318 | E3: A.I.TOOLS
A4: A.P. INDUSTRY CO., LTD. | B4: A0306 | C4: MIL | D4: MILA0306 | E4: A.P. INDUSTRY
A5: A.R.E. TRADING CO., LTD. | B5: A0017 | C5: MIL | D5: MILA0017 | E5: A.R.E.
A6: ACCESS BUSINESS GROUP | B6: A0184 | C6: MIL | D6: MILA0184 | E6: ABG
A7: ACCESS BUSINESS GROUP | B7: A0232 | C7: MIL | D7: MILA0232 | E7: ABG
A8: ACCESS BUSINESS GROUP (EMS) | B8: A0287 | C8: MIL | D8: MILA0287 | E8: ABG
A9: ACCESS BUSINESS GROUP (MHK) | B9: A0315 | C9: MIL | D9: MILA0315 | E9: ABG
A10: ACCESS BUSINESS GROUP (STC) | B10: A0335 | C10: MIL | D10: MILA0335 | E10: ABG
A11: ACCESS BUSINESS GROUP NSSS (M) | B11: A0139 | C11: MIL | D11: MILA0139 | E11: ABG
A12: ADVANCED TARGETS MATERIALS CO.,LTD. | B12: A0269 | C12: MIL | D12: MILA0269 | E12: ADVANCED TARGETS
A13: AGC FLAT GLASS (THAILAND) PUBLIC COMPANY LIMITED | B13: A0279 | C13: MIL | D13: MILA0279 | E13: AGC FLAT GLASS (THAILAND)
... A562: TIAN JIN KA XU BAO HUI TU LIAO CO.,LTD. | B562: KX05 | C562: MZQ | D562: MZQKX05 | E562: KA XU BAO HUI
A563: TISCO FOSHAN SALES COMPANY LTD. | B563: TA087 | C563: STC | D563: STCTA087 | E563: TISCO FOSHAN | F563: 飛彼慕
A564: TKS CHEMICAL (THAILAND) CO., LTD. | B564: T0474 | C564: MIL | D564: MILT0474 | E564: TKS | F564: 唐山標先電子
A565: TOMATEC(XIAMEN)FINE MATERIAL CO.,LTD. | B565: TA078 | C565: STC | D565: STCTA078 | E565: TOMATEC | F565: 加利
A566: TOOLS SOLUTION SERVICE CO., LTD. | B566: T0485 | C566: MIL | D566: MILT0485 | E566: TOOLS SOLUTION
A567: TOZZHIN ENTERPRISE SDN,BHD | B567: T0320 | C567: MIL | D567: MILT0320 | E567: TOZZHIN
A568: TVS S.P.A. | B568: T0477 | C568: MIL | D568: MILT0477 | E568: TVS S.P.A.
A569: TVS S.P.A. | B569: T073 | C569: MST | D569: MSTT073 | E569: TVS S.P.A.
A570: ULTIMATE PLUS SUPPLY CO.,LTD. | B570: U0058 | C570: MIL | D570: MILU0058 | E570: ULTIMATE
A571: UNION PETROCHEMICAL PUBLIC CO., LTD. | B571: U0084 | C571: MIL | D571: MILU0084 | E571: UNION
A572: UNION-TECH MACHINERY CO., LTD. | B572: U0016 | C572: MIL | D572: MILU0016 | E572: UNION TECH
A573: UNITED PRECISION ENGINEERING CO., LTD. | B573: U0069 | C573: MIL | D573: MILU0069 | E573: UNITED PRECISION ENGINEERING
A574: UNITEK S.R.L. | B574: U0024 | C574: MIL | D574: MILU0024 | E574: UNITEK S.R.L.
A575: UNITY PROGRESS CO., LTD. | B575: U0062 | C575: MIL | D575: MILU0062 | E575: UNITY
A576: VISION INDUSTRIAL LTD | B576: W018 | C576: RACO | D576: RACOW018 | E576: VISION
A577: VISY PAPER PTY LTD | B577: V0022 | C577: MIL | D577: MILV0022 | E577: VISY
... A584: WEI DA CAI YIN COM.LTD. | B584: WD01 | C584: MZQ | D584: MZQWD01 | E584: WEI DA
A585: WEI XIN BAI WU JIN ZHE PIN | B585: W024 | C585: RACO | D585: RACOW024 | E585: WEI XIN BAI | F585: 理尚 / 維格
A586: WEI XIN BO STAINLESS STEEL Mfg.Ltd. | B586: WS01 | C586: MZQ | D586: MZQWS01 | E586: WEI XIN BO | F586: 銳利
A587: WEI YI PAO MO CAI LIAO | B587: W019 | C587: RACO | D587: RACOW019 | E587: WEI YI
A588: WENZHOU WINNING FLUID EQUIPMENT CO.,LTD | B588: TA071 | C588: STC | D588: STCTA071 | E588: WINNING
A589: WHITFORD (JIANGMEN) LTD.V | B589: W0094 | C589: MIL | D589: MILW0094 | E589: WHITFORD
A590: Whitford Ltd | B590: HF06 | C590: MZQ | D590: MZQHF06 | E590: WHITFORD
A591: WHITFORD LTD. | B591: W0006 | C591: MIL | D591: MILW0006 | E591: WHITFORD
A592: Win &Best Hardware Co.,Ltd . | B592: WS001 | C592: STC | D592: STCWS001 | E592: WIN & BEST
A593: WINNER HI-TECH LIMITED | B593: W504 | C593: MST | D593: MSTW504 | E593: WINNER HI-TECH
A594: WINNER HI-TECH LTD. | B594: W504 | C594: MHK | D594: MHKW504 | E594: WINNER HI-TECH
A595: WINNER INTER PLAS CO.,LTD. | B595: W0085 | C595: MIL | D595: MILW0085 | E595: WINNER INTER
A596: WINWON COMPANY LIMITED | B596: W0014 | C596: MIL | D596: MILW0014 | E596: WINWON
A597: WISION | B597: WX03 | C597: MZQ | D597: MZQWX03 | E597: VISION
A598: WITTSBURG TRADING COMPANY | B598: W0089 | C598: MIL | D598: MILW0089 | E598: WITTSBURG
... A720: DONG YING SHI DONG SHENG JI XIE ZI DONG HUA YOU XIAN GONG SI | B720: D051 | C720: RACO | D720: RACOD051 | E720: DONGYING

Sheet DATA
A1: VENDOR_ID | B1: VENDOR_NAME | C1: DB | D1: Std Vend Name | E1: VENDOR_NAME | F1: VENDOR_ID | G1: Vend_ID + DB | H1: Std Vend Name
A2: C071 | B2: CHUNG PAK BATTERY WORKS LTD. | C2: MHK | D2: =IF(A2="","",IFERROR(VLOOKUP(CONCATENATE(C2,A2),'Std Vendor Name'!D:E,2,FALSE),"NEW VENDOR")) -> CHUNG PAK | E2: =IF(B2="","",B2) -> CHUNG PAK BATTERY WORKS LTD. | F2: =IF(A2="","",A2) -> C071 | G2: =C2&F2 -> MHKC071 | H2: =D2 -> CHUNG PAK
A3: E036 | B3: E-ANDE (HK) LTD. | C3: MHK | D3: =IF(A3="","",IFERROR(VLOOKUP(CONCATENATE(C3,A3),'Std Vendor Name'!D:E,2,FALSE),"NEW VENDOR")) -> E-ANDE | E3: =IF(B3="","",B3) -> E-ANDE (HK) LTD. | F3: =IF(A3="","",A3) -> E036 | G3: =C3&F3 -> MHKE036 | H3: =D3 -> E-ANDE
A4: M036 | B4: MEYER INDUSTRIES LTD. | C4: MHK | D4: =IF(A4="","",IFERROR(VLOOKUP(CONCATENATE(C4,A4),'Std Vendor Name'!D:E,2,FALSE),"NEW VENDOR")) -> MIL | E4: =IF(B4="","",B4) -> MEYER INDUSTRIES LTD. | F4: =IF(A4="","",A4) -> M036 | G4: =C4&F4 -> MHKM036 | H4: =D4 -> MIL
A5: M044 | B5: MEYER EUROPE SRL (LTD.) | C5: MHK | D5: =IF(A5="","",IFERROR(VLOOKUP(CONCATENATE(C5,A5),'Std Vendor Name'!D:E,2,FALSE),"NEW VENDOR")) -> MES | E5: =IF(B5="","",B5) -> MEYER EUROPE SRL (LTD.) | F5: =IF(A5="","",A5) -> M044 | G5: =C5&F5 -> MHKM044 | H5: =D5 -> MES
A6: M050 | B6: MEYER (ZHAOQING) METAL PRODUCTS CO., LTD. | C6: MHK | D6: =IF(A6="","",IFERROR(VLOOKUP(CONCATENATE(C6,A6),'Std Vendor Name'!D:E,2,FALSE),"NEW VENDOR")) -> MZQ | E6: =IF(B6="","",B6) -> MEYER (ZHAOQING) METAL PRODUCTS CO., LTD. | F6: =IF(A6="","",A6) -> M050 | G6: =C6&F6 -> MHKM050 | H6: =D6 -> MZQ
A7: M056 | B7: MAZAL CORP S.A. | C7: MHK | D7: =IF(A7="","",IFERROR(VLOOKUP(CONCATENATE(C7,A7),'Std Vendor Name'!D:E,2,FALSE),"NEW VENDOR")) -> MAZAL | E7: =IF(B7="","",B7) -> MAZAL CORP S.A. | F7: =IF(A7="","",A7) -> M056 | G7: =C7&F7 -> MHKM056 | H7: =D7 -> MAZAL
A8: R022 | B8: RACO METALWARE INDUSTRIES LTD. | C8: MHK | D8: =IF(A8="","",IFERROR(VLOOKUP(CONCATENATE(C8,A8),'Std Vendor Name'!D:E,2,FALSE),"NEW VENDOR")) -> RACO | E8: =IF(B8="","",B8) -> RACO METALWARE INDUSTRIES LTD. | F8: =IF(A8="","",A8) -> R022 | G8: =C8&F8 -> MHKR022 | H8: =D8 -> RACO
A9: W504 | B9: WINNER HI-TECH LTD. | C9: MHK | D9: =IF(A9="","",IFERROR(VLOOKUP(CONCATENATE(C9,A9),'Std Vendor Name'!D:E,2,FALSE),"NEW VENDOR")) -> WINNER HI-TECH | E9: =IF(B9="","",B9) -> WINNER HI-TECH LTD. | F9: =IF(A9="","",A9) -> W504 | G9: =C9&F9 -> MHKW504 | H9: =D9 -> WINNER HI-TECH
A10: Z012 | B10: ZHAOQING SILVERSTONE TRADING CO., LTD. | C10: MHK | D10: CHUANGMENG | E10: =IF(B10="","",B10) -> ZHAOQING SILVERSTONE TRADING CO., LTD. | F10: =IF(A10="","",A10) -> Z012 | G10: =C10&F10 -> MHKZ012 | H10: =D10 -> CHUANGMENG
A11: DY006 | B11: JIANGMEN DEYIBAO METAL &PLASTIC MFG CO.,LTD | C11: STC | D11: =IF(A11="","",IFERROR(VLOOKUP(CONCATENATE(C11,A11),'Std Vendor Name'!D:E,2,FALSE),"NEW VENDOR")) -> DEYIBAO | E11: =IF(B11="","",B11) -> JIANGMEN DEYIBAO METAL &PLASTIC MFG CO.,LTD | F11: =IF(A11="","",A11) -> DY006 | G11: =C11&F11 -> STCDY006 | H11: =D11 -> DEYIBAO
A12: G0057 | B12: NANNING INDUSTRIAL INVESTMENT ALU FOIL CO.,LTD | C12: STC | D12: =IF(A12="","",IFERROR(VLOOKUP(CONCATENATE(C12,A12),'Std Vendor Name'!D:E,2,FALSE),"NEW VENDOR")) -> ALNAN | E12: =IF(B12="","",B12) -> NANNING INDUSTRIAL INVESTMENT ALU FOIL CO.,LTD | F12: =IF(A12="","",A12) -> G0057 | G12: =C12&F12 -> STCG0057 | H12: =D12 -> ALNAN
A13: GY009 | B13: FOSHAN GUYANG HARDWARE PRODUCTS CO.LTD | C13: STC | D13: =IF(A13="","",IFERROR(VLOOKUP(CONCATENATE(C13,A13),'Std Vendor Name'!D:E,2,FALSE),"NEW VENDOR")) -> GUYANG | E13: =IF(B13="","",B13) -> FOSHAN GUYANG HARDWARE PRODUCTS CO.LTD | F13: =IF(A13="","",A13) -> GY009 | G13: =C13&F13 -> STCGY009 | H13: =D13 -> GUYANG
A14: H0113 | B14: HENAN MINTAI AL. INDUSTRIAL CO.,LTD | C14: STC | D14: =IF(A14="","",IFERROR(VLOOKUP(CONCATENATE(C14,A14),'Std Vendor Name'!D:E,2,FALSE),"NEW VENDOR")) -> HENAN MINTAI | E14: =IF(B14="","",B14) -> HENAN MINTAI AL. INDUSTRIAL CO.,LTD | F14: =IF(A14="","",A14) -> H0113 | G14: =C14&F14 -> STCH0113 | H14: =D14 -> HENAN MINTAI
A15: HQ001 | B15: FOSHAN SHUNDE HUA CHUANG PACKAGING PRINTING FTY | C15: STC | D15: =IF(A15="","",IFERROR(VLOOKUP(CONCATENATE(C15,A15),'Std Vendor Name'!D:E,2,FALSE),"NEW VENDOR")) -> HUA CHUANG | E15: =IF(B15="","",B15) -> FOSHAN SHUNDE HUA CHUANG PACKAGING PRINTING FTY | F15: =IF(A15="","",A15) -> HQ001 | G15: =C15&F15 -> STCHQ001 | H15: =D15 -> HUA CHUANG
A16: J0023 | B16: JOYFU PRECISION CASTING(SHANTOU) CO.,LTD | C16: STC | D16: =IF(A16="","",IFERROR(VLOOKUP(CONCATENATE(C16,A16),'Std Vendor Name'!D:E,2,FALSE),"NEW VENDOR")) -> JOY FU | E16: =IF(B16="","",B16) -> JOYFU PRECISION CASTING(SHANTOU) CO.,LTD | F16: =IF(A16="","",A16) -> J0023 | G16: =C16&F16 -> STCJ0023 | H16: =D16 -> JOY FU
A17: JN003 | B17: XINXING COUNTY JIANENG METAL PRODUCTS CO.,LTD | C17: STC | D17: CIXI | E17: =IF(B17="","",B17) -> XINXING COUNTY JIANENG METAL PRODUCTS CO.,LTD | F17: =IF(A17="","",A17) -> JN003 | G17: =C17&F17 -> STCJN003 | H17: =D17 -> CIXI
A18: LJ011 | B18: NINGBO LIANJIN HARDWARE PRODUCTS CO.,LTD | C18: STC | D18: =IF(A18="","",IFERROR(VLOOKUP(CONCATENATE(C18,A18),'Std Vendor Name'!D:E,2,FALSE),"NEW VENDOR")) -> LIAN JIN | E18: =IF(B18="","",B18) -> NINGBO LIANJIN HARDWARE PRODUCTS CO.,LTD | F18: =IF(A18="","",A18) -> LJ011 | G18: =C18&F18 -> STCLJ011 | H18: =D18 -> LIAN JIN
A19: MX003 | B19: ZHONGSHAN MINGXIN HARDWARE PRODUCTS CO.,LTD | C19: STC | D19: =IF(A19="","",IFERROR(VLOOKUP(CONCATENATE(C19,A19),'Std Vendor Name'!D:E,2,FALSE),"NEW VENDOR")) -> MING XIN | E19: =IF(B19="","",B19) -> ZHONGSHAN MINGXIN HARDWARE PRODUCTS CO.,LTD | F19: =IF(A19="","",A19) -> MX003 | G19: =C19&F19 -> STCMX003 | H19: =D19 -> MING XIN
A20: R0017 | B20: RACO METALWARE INDUSTRIES LIMITED | C20: STC | D20: =IF(A20="","",IFERROR(VLOOKUP(CONCATENATE(C20,A20),'Std Vendor Name'!D:E,2,FALSE),"NEW VENDOR")) -> RACO | E20: =IF(B20="","",B20) -> RACO METALWARE INDUSTRIES LIMITED | F20: =IF(A20="","",A20) -> R0017 | G20: =C20&F20 -> STCR0017 | H20: =D20 -> RACO
A21: TA021 | B21: FOSHAN KUILOON METAL PRODUCTS CO.,LTD | C21: STC | D21: =IF(A21="","",IFERROR(VLOOKUP(CONCATENATE(C21,A21),'Std Vendor Name'!D:E,2,FALSE),"NEW VENDOR")) -> KUILOON | E21: =IF(B21="","",B21) -> FOSHAN KUILOON METAL PRODUCTS CO.,LTD | F21: =IF(A21="","",A21) -> TA021 | G21: =C21&F21 -> STCTA021 | H21: =D21 -> KUILOON
A22: TA025 | B22: FOSHAN SANSHUI LUJIANG HW PRODUCTS CO.,LTD | C22: STC | D22: =IF(A22="","",IFERROR(VLOOKUP(CONCATENATE(C22,A22),'Std Vendor Name'!D:E,2,FALSE),"NEW VENDOR")) -> LU JIANG | E22: =IF(B22="","",B22) -> FOSHAN SANSHUI LUJIANG HW PRODUCTS CO.,LTD | F22: =IF(A22="","",A22) -> TA025 | G22: =C22&F22 -> STCTA025 | H22: =D22 -> LU JIANG
A23: TA026 | B23: ZHAOQING GAOYAO ZHAODE METAL PRODUCTS CO.,LTD | C23: STC | D23: =IF(A23="","",IFERROR(VLOOKUP(CONCATENATE(C23,A23),'Std Vendor Name'!D:E,2,FALSE),"NEW VENDOR")) -> ZHAO DE | E23: =IF(B23="","",B23) -> ZHAOQING GAOYAO ZHAODE METAL PRODUCTS CO.,LTD | F23: =IF(A23="","",A23) -> TA026 | G23: =C23&F23 -> STCTA026 | H23: =D23 -> ZHAO DE
A24: TA027 | B24: FOSHAN SANSHUI SOUTHWEST STREET ZHUOYING HW FTY | C24: STC | D24: =IF(A24="","",IFERROR(VLOOKUP(CONCATENATE(C24,A24),'Std Vendor Name'!D:E,2,FALSE),"NEW VENDOR")) -> ZHUO YING | E24: =IF(B24="","",B24) -> FOSHAN SANSHUI SOUTHWEST STREET ZHUOYING HW FTY | F24: =IF(A24="","",A24) -> TA027 | G24: =C24&F24 -> STCTA027 | H24: =D24 -> ZHUO YING
A25: TA035 | B25: FOSHAN E-YOUN COOKWARE LTD | C25: STC | D25: RUYI | E25: =IF(B25="","",B25) -> FOSHAN E-YOUN COOKWARE LTD | F25: =IF(A25="","",A25) -> TA035 | G25: =C25&F25 -> STCTA035 | H25: =D25 -> RUYI
A26: TA041 | B26: HENGYU METAL PRODUCTS (GUANGDONG) CO.,LTD | C26: STC | D26: =IF(A26="","",IFERROR(VLOOKUP(CONCATENATE(C26,A26),'Std Vendor Name'!D:E,2,FALSE),"NEW VENDOR")) -> HENG XIN / HANG SENG | E26: =IF(B26="","",B26) -> HENGYU METAL PRODUCTS (GUANGDONG) CO.,LTD | F26: =IF(A26="","",A26) -> TA041 | G26: =C26&F26 -> STCTA041 | H26: =D26 -> HENG XIN / HANG SENG
A27: TA042 | B27: SAFE POWER PRINTING & BOX (DONG GUAN) MFG CO., LTD | C27: STC | D27: =IF(A27="","",IFERROR(VLOOKUP(CONCATENATE(C27,A27),'Std Vendor Name'!D:E,2,FALSE),"NEW VENDOR")) -> SAFE POWER PRINTING | E27: =IF(B27="","",B27) -> SAFE POWER PRINTING & BOX (DONG GUAN) MFG CO., LTD | F27: =IF(A27="","",A27) -> TA042 | G27: =C27&F27 -> STCTA042 | H27: =D27 -> SAFE POWER PRINTING
A28: TA047 | B28: JINHUA HENG XIN COOKWARE CO.,LTD | C28: STC | D28: =IF(A28="","",IFERROR(VLOOKUP(CONCATENATE(C28,A28),'Std Vendor Name'!D:E,2,FALSE),"NEW VENDOR")) -> JINHUA HENGXIN | E28: =IF(B28="","",B28) -> JINHUA HENG XIN COOKWARE CO.,LTD | F28: =IF(A28="","",A28) -> TA047 | G28: =C28&F28 -> STCTA047 | H28: =D28 -> JINHUA HENGXIN
A29: TA067 | B29: FLORAL SEASON HOME FASHIONS CO.,LTD | C29: STC | D29: =IF(A29="","",IFERROR(VLOOKUP(CONCATENATE(C29,A29),'Std Vendor Name'!D:E,2,FALSE),"NEW VENDOR")) -> FLORAL SEASON | E29: =IF(B29="","",B29) -> FLORAL SEASON HOME FASHIONS CO.,LTD | F29: =IF(A29="","",A29) -> TA067 | G29: =C29&F29 -> STCTA067 | H29: =D29 -> FLORAL SEASON
A30: TA077 | B30: FOSHAN SHUNDE JIWEI PLASTIC PRDS CO. LTD (ENTHEOS) | C30: STC | D30: =IF(A30="","",IFERROR(VLOOKUP(CONCATENATE(C30,A30),'Std Vendor Name'!D:E,2,FALSE),"NEW VENDOR")) -> JIWEI | E30: =IF(B30="","",B30) -> FOSHAN SHUNDE JIWEI PLASTIC PRDS CO. LTD (ENTHEOS) | F30: =IF(A30="","",A30) -> TA077 | G30: =C30&F30 -> STCTA077 | H30: =D30 -> JIWEI
A31: TA082 | B31: FOSHAN TAIPERS KITCHEN PRODUCTS DEVT CO., LTD | C31: STC | D31: =IF(A31="","",IFERROR(VLOOKUP(CONCATENATE(C31,A31),'Std Vendor Name'!D:E,2,FALSE),"NEW VENDOR")) -> TAIPERS | E31: =IF(B31="","",B31) -> FOSHAN TAIPERS KITCHEN PRODUCTS DEVT CO., LTD | F31: =IF(A31="","",A31) -> TA082 | G31: =C31&F31 -> STCTA082 | H31: =D31 -> TAIPERS
A32: TA084 | B32: GLOBAL CLAD TECHNICAL CO., LTD. | C32: STC | D32: =IF(A32="","",IFERROR(VLOOKUP(CONCATENATE(C32,A32),'Std Vendor Name'!D:E,2,FALSE),"NEW VENDOR")) -> GLOBAL CLAD | E32: =IF(B32="","",B32) -> GLOBAL CLAD TECHNICAL CO., LTD. | F32: =IF(A32="","",A32) -> TA084 | G32: =C32&F32 -> STCTA084 | H32: =D32 -> GLOBAL CLAD
A33: TA086 | B33: ZHEJIANG CHENGDE METAL PRODUCTS CO., LTD | C33: STC | D33: =IF(A33="","",IFERROR(VLOOKUP(CONCATENATE(C33,A33),'Std Vendor Name'!D:E,2,FALSE),"NEW VENDOR")) -> CHENGDE | E33: =IF(B33="","",B33) -> ZHEJIANG CHENGDE METAL PRODUCTS CO., LTD | F33: =IF(A33="","",A33) -> TA086 | G33: =C33&F33 -> STCTA086 | H33: =D33 -> CHENGDE
A34: TA087 | B34: TISCO FOSHAN SALES COMPANY LTD. | C34: STC | D34: =IF(A34="","",IFERROR(VLOOKUP(CONCATENATE(C34,A34),'Std Vendor Name'!D:E,2,FALSE),"NEW VENDOR")) -> TISCO FOSHAN | E34: =IF(B34="","",B34) -> TISCO FOSHAN SALES COMPANY LTD. | F34: =IF(A34="","",A34) -> TA087 | G34: =C34&F34 -> STCTA087 | H34: =D34 -> TISCO FOSHAN
A35: TA088 | B35: ZHEJIANG CHICHENG INDUSTRY AND TRADE CO., LTD | C35: STC | D35: =IF(A35="","",IFERROR(VLOOKUP(CONCATENATE(C35,A35),'Std Vendor Name'!D:E,2,FALSE),"NEW VENDOR")) -> CHICHENG | E35: =IF(B35="","",B35) -> ZHEJIANG CHICHENG INDUSTRY AND TRADE CO., LTD | F35: =IF(A35="","",A35) -> TA088 | G35: =C35&F35 -> STCTA088 | H35: =D35 -> CHICHENG
A36: WH003 | B36: WUHA WEIHUA ALUMINUM INDUSTRY CO.,LTD | C36: STC | D36: =IF(A36="","",IFERROR(VLOOKUP(CONCATENATE(C36,A36),'Std Vendor Name'!D:E,2,FALSE),"NEW VENDOR")) -> WEIHUA | E36: =IF(B36="","",B36) -> WUHA WEIHUA ALUMINUM INDUSTRY CO.,LTD | F36: =IF(A36="","",A36) -> WH003 | G36: =C36&F36 -> STCWH003 | H36: =D36 -> WEIHUA
A37: WS001 | B37: WIN &BEST HARDWARE CO.,LTD | C37: STC | D37: =IF(A37="","",IFERROR(VLOOKUP(CONCATENATE(C37,A37),'Std Vendor Name'!D:E,2,FALSE),"NEW VENDOR")) -> WIN & BEST | E37: =IF(B37="","",B37) -> WIN &BEST HARDWARE CO.,LTD | F37: =IF(A37="","",A37) -> WS001 | G37: =C37&F37 -> STCWS001 | H37: =D37 -> WIN & BEST
... A60: YD11 | B60: YI DA FENG XIANG SHU WU JING | C60: MZQ | D60: =IF(A60="","",IFERROR(VLOOKUP(CONCATENATE(C60,A60),'Std Vendor Name'!D:E,2,FALSE),"NEW VENDOR")) -> YI DA FENG | E60: =IF(B60="","",B60) -> YI DA FENG XIANG SHU WU JING | F60: =IF(A60="","",A60) -> YD11 | G60: =C60&F60 -> MZQYD11 | H60: =D60 -> YI DA FENG
A61: J023 | C61: MZQ | D61: =IF(A61="","",IFERROR(VLOOKUP(CONCATENATE(C61,A61),'Std Vendor Name'!D:E,2,FALSE),"NEW VENDOR")) -> JOY FU | E61: =IF(B61="","",B61) | F61: =IF(A61="","",A61) -> J023 | G61: =C61&F61 -> MZQJ023 | H61: =D61 -> JOY FU
A62: HY25 | B62: ZHAO QING SHI HENG YING WU JING HUA GONG CO.,LTD | C62: MZQ | D62: =IF(A62="","",IFERROR(VLOOKUP(CONCATENATE(C62,A62),'Std Vendor Name'!D:E,2,FALSE),"NEW VENDOR")) -> HENG YING | E62: =IF(B62="","",B62) -> ZHAO QING SHI HENG YING WU JING HUA GONG CO.,LTD | F62: =IF(A62="","",A62) -> HY25 | G62: =C62&F62 -> MZQHY25 | H62: =D62 -> HENG YING
A63: HF06 | B63: Whitford Ltd | C63: MZQ | D63: =IF(A63="","",IFERROR(VLOOKUP(CONCATENATE(C63,A63),'Std Vendor Name'!D:E,2,FALSE),"NEW VENDOR")) -> WHITFORD | E63: =IF(B63="","",B63) -> Whitford Ltd | F63: =IF(A63="","",A63) -> HF06 | G63: =C63&F63 -> MZQHF06 | H63: =D63 -> WHITFORD
A64: NX01 | B64: NAN XIA | C64: MZQ | D64: =IF(A64="","",IFERROR(VLOOKUP(CONCATENATE(C64,A64),'Std Vendor Name'!D:E,2,FALSE),"NEW VENDOR")) -> NAN XIA | E64: =IF(B64="","",B64) -> NAN XIA | F64: =IF(A64="","",A64) -> NX01 | G64: =C64&F64 -> MZQNX01 | H64: =D64 -> NAN XIA
A65: HD10 | B65: GUANG DONG HENG DA METAL CO.,LTD | C65: MZQ | D65: =IF(A65="","",IFERROR(VLOOKUP(CONCATENATE(C65,A65),'Std Vendor Name'!D:E,2,FALSE),"NEW VENDOR")) -> HENG XIN / HANG SENG | E65: =IF(B65="","",B65) -> GUANG DONG HENG DA METAL CO.,LTD | F65: =IF(A65="","",A65) -> HD10 | G65: =C65&F65 -> MZQHD10 | H65: =D65 -> HENG XIN / HANG SENG
A66: XL10 | B66: JIANG MEN SHI XI LONG XIANG JIAO KE JI CO.,LTD. | C66: MZQ | D66: =IF(A66="","",IFERROR(VLOOKUP(CONCATENATE(C66,A66),'Std Vendor Name'!D:E,2,FALSE),"NEW VENDOR")) -> XI LONG | E66: =IF(B66="","",B66) -> JIANG MEN SHI XI LONG XIANG JIAO KE JI CO.,LTD. | F66: =IF(A66="","",A66) -> XL10 | G66: =C66&F66 -> MZQXL10 | H66: =D66 -> XI LONG
A67: LJ11 | B67: NING BO LIAN JIN WU JIN ZHI BIN CO.,LTD. | C67: MZQ | D67: =IF(A67="","",IFERROR(VLOOKUP(CONCATENATE(C67,A67),'Std Vendor Name'!D:E,2,FALSE),"NEW VENDOR")) -> LIAN JIN | E67: =IF(B67="","",B67) -> NING BO LIAN JIN WU JIN ZHI BIN CO.,LTD. | F67: =IF(A67="","",A67) -> LJ11 | G67: =C67&F67 -> MZQLJ11 | H67: =D67 -> LIAN JIN
A68: GY09 | B68: FO SHAN SHI GU YANG WU JIN ZHI PIN CO.,LTD. | C68: MZQ | D68: =IF(A68="","",IFERROR(VLOOKUP(CONCATENATE(C68,A68),'Std Vendor Name'!D:E,2,FALSE),"NEW VENDOR")) -> GUYANG | E68: =IF(B68="","",B68) -> FO SHAN SHI GU YANG WU JIN ZHI PIN CO.,LTD. | F68: =IF(A68="","",A68) -> GY09 | G68: =C68&F68 -> MZQGY09 | H68: =D68 -> GUYANG
A69: HT02 | B69: HENGTNGCO | C69: MZQ | D69: =IF(A69="","",IFERROR(VLOOKUP(CONCATENATE(C69,A69),'Std Vendor Name'!D:E,2,FALSE),"NEW VENDOR")) -> HENG TNG | E69: =IF(B69="","",B69) -> HENGTNGCO | F69: =IF(A69="","",A69) -> HT02 | G69: =C69&F69 -> MZQHT02 | H69: =D69 -> HENG TNG
A70: XF09 | B70: XIANG XIN FA GONG YI BO LI CO.,LTD. | C70: MZQ | D70: =IF(A70="","",IFERROR(VLOOKUP(CONCATENATE(C70,A70),'Std Vendor Name'!D:E,2,FALSE),"NEW VENDOR")) -> XIANGXINGFA | E70: =IF(B70="","",B70) -> XIANG XIN FA GONG YI BO LI CO.,LTD. | F70: =IF(A70="","",A70) -> XF09 | G70: =C70&F70 -> MZQXF09 | H70: =D70 -> XIANGXINGFA
A71: E036 | B71: YI AN (HK) | C71: MZQ | D71: =IF(A71="","",IFERROR(VLOOKUP(CONCATENATE(C71,A71),'Std Vendor Name'!D:E,2,FALSE),"NEW VENDOR")) -> E-ANDE | E71: =IF(B71="","",B71) -> YI AN (HK) | F71: =IF(A71="","",A71) -> E036 | G71: =C71&F71 -> MZQE036 | H71: =D71 -> E-ANDE
A72: LH10 | B72: SHAN DONG LE HE JIA RI YONG PIN CO.,LTD. | C72: MZQ | D72: =IF(A72="","",IFERROR(VLOOKUP(CONCATENATE(C72,A72),'Std Vendor Name'!D:E,2,FALSE),"NEW VENDOR")) -> LE HE JIA | E72: =IF(B72="","",B72) -> SHAN DONG LE HE JIA RI YONG PIN CO.,LTD. | F72: =IF(A72="","",A72) -> LH10 | G72: =C72&F72 -> MZQLH10 | H72: =D72 -> LE HE JIA
A73: JW05 | B73: ZHAO QING JIA WEI SHU LIAO CO.,LTD | C73: MZQ | D73: =IF(A73="","",IFERROR(VLOOKUP(CONCATENATE(C73,A73),'Std Vendor Name'!D:E,2,FALSE),"NEW VENDOR")) -> JIA WEI SHU LIAO | E73: =IF(B73="","",B73) -> ZHAO QING JIA WEI SHU LIAO CO.,LTD | F73: =IF(A73="","",A73) -> JW05 | G73: =C73&F73 -> MZQJW05 | H73: =D73 -> JIA WEI SHU LIAO
... A88: O0019 | B88: ORIENTAL PAINT & CHEMICAL CO., LTD. | C88: MIL | D88: =IF(A88="","",IFERROR(VLOOKUP(CONCATENATE(C88,A88),'Std Vendor Name'!D:E,2,FALSE),"NEW VENDOR")) -> ORIENTAL PAINT | E88: =IF(B88="","",B88) -> ORIENTAL PAINT & CHEMICAL CO., LTD. | F88: =IF(A88="","",A88) -> O0019 | G88: =C88&F88 -> MILO0019 | H88: =D88 -> ORIENTAL PAINT
A89: C0066 | B89: CHAICHAROEN POLISHING CO., LTD. | C89: MIL | D89: UNION | E89: =IF(B89="","",B89) -> CHAICHAROEN POLISHING CO., LTD. | F89: =IF(A89="","",A89) -> C0066 | G89: =C89&F89 -> MILC0066 | H89: =D89 -> UNION
A90: E0162 | B90: ECO GREEN SOLUTIONS CO., LTD | C90: MIL | D90: =IF(A90="","",IFERROR(VLOOKUP(CONCATENATE(C90,A90),'Std Vendor Name'!D:E,2,FALSE),"NEW VENDOR")) -> ECO | E90: =IF(B90="","",B90) -> ECO GREEN SOLUTIONS CO., LTD | F90: =IF(A90="","",A90) -> E0162 | G90: =C90&F90 -> MILE0162 | H90: =D90 -> ECO
A91: M0144 | B91: MMP CORPORATION LTD. | C91: MIL | D91: =IF(A91="","",IFERROR(VLOOKUP(CONCATENATE(C91,A91),'Std Vendor Name'!D:E,2,FALSE),"NEW VENDOR")) -> MMP | E91: =IF(B91="","",B91) -> MMP CORPORATION LTD. | F91: =IF(A91="","",A91) -> M0144 | G91: =C91&F91 -> MILM0144 | H91: =D91 -> MMP
A92: K0152 | B92: KEY SUCCESS MARKETING CO.,LTD. | C92: MIL | D92: =IF(A92="","",IFERROR(VLOOKUP(CONCATENATE(C92,A92),'Std Vendor Name'!D:E,2,FALSE),"NEW VENDOR")) -> KEY SUCCESS | E92: =IF(B92="","",B92) -> KEY SUCCESS MARKETING CO.,LTD. | F92: =IF(A92="","",A92) -> K0152 | G92: =C92&F92 -> MILK0152 | H92: =D92 -> KEY SUCCESS
A93: K0073 | B93: K. SIAM PAPERROLL CO., LTD. | C93: MIL | D93: =IF(A93="","",IFERROR(VLOOKUP(CONCATENATE(C93,A93),'Std Vendor Name'!D:E,2,FALSE),"NEW VENDOR")) -> K. SIAM | E93: =IF(B93="","",B93) -> K. SIAM PAPERROLL CO., LTD. | F93: =IF(A93="","",A93) -> K0073 | G93: =C93&F93 -> MILK0073 | H93: =D93 -> K. SIAM
A94: R0030 | B94: RUNGCHAROENPANICH (999) LTD., PART. | C94: MIL | D94: =IF(A94="","",IFERROR(VLOOKUP(CONCATENATE(C94,A94),'Std Vendor Name'!D:E,2,FALSE),"NEW VENDOR")) -> RUNGCHAROENPANICH (999) | E94: =IF(B94="","",B94) -> RUNGCHAROENPANICH (999) LTD., PART. | F94: =IF(A94="","",A94) -> R0030 | G94: =C94&F94 -> MILR0030 | H94: =D94 -> RUNGCHAROENPANICH (999)
A95: J0037 | B95: J S MECHANIC CO., LTD. | C95: MIL | D95: =IF(A95="","",IFERROR(VLOOKUP(CONCATENATE(C95,A95),'Std Vendor Name'!D:E,2,FALSE),"NEW VENDOR")) -> J S MECHANIC | E95: =IF(B95="","",B95) -> J S MECHANIC CO., LTD. | F95: =IF(A95="","",A95) -> J0037 | G95: =C95&F95 -> MILJ0037 | H95: =D95 -> J S MECHANIC
A96: M0007 | B96: MEYER ALUMINIUM LIMITED | C96: MIL | D96: =IF(A96="","",IFERROR(VLOOKUP(CONCATENATE(C96,A96),'Std Vendor Name'!D:E,2,FALSE),"NEW VENDOR")) -> MAL | E96: =IF(B96="","",B96) -> MEYER ALUMINIUM LIMITED | F96: =IF(A96="","",A96) -> M0007 | G96: =C96&F96 -> MILM0007 | H96: =D96 -> MAL
A97: T0150 | B97: THREE-D ASIA CO., LTD. | C97: MIL | D97: =IF(A97="","",IFERROR(VLOOKUP(CONCATENATE(C97,A97),'Std Vendor Name'!D:E,2,FALSE),"NEW VENDOR")) -> THREE-D ASIA | E97: =IF(B97="","",B97) -> THREE-D ASIA CO., LTD. | F97: =IF(A97="","",A97) -> T0150 | G97: =C97&F97 -> MILT0150 | H97: =D97 -> THREE-D ASIA
A98: K0033 | B98: K.P.P. HARDWARE CO., LTD. | C98: MIL | D98: =IF(A98="","",IFERROR(VLOOKUP(CONCATENATE(C98,A98),'Std Vendor Name'!D:E,2,FALSE),"NEW VENDOR")) -> K.P.P. | E98: =IF(B98="","",B98) -> K.P.P. HARDWARE CO., LTD. | F98: =IF(A98="","",A98) -> K0033 | G98: =C98&F98 -> MILK0033 | H98: =D98 -> K.P.P.
A99: U0016 | B99: UNION-TECH MACHINERY CO., LTD. | C99: MIL | D99: =IF(A99="","",IFERROR(VLOOKUP(CONCATENATE(C99,A99),'Std Vendor Name'!D:E,2,FALSE),"NEW VENDOR")) -> UNION TECH | E99: =IF(B99="","",B99) -> UNION-TECH MACHINERY CO., LTD. | F99: =IF(A99="","",A99) -> U0016 | G99: =C99&F99 -> MILU0016 | H99: =D99 -> UNION TECH
A100: P0242 | B100: PATTHARA PHAN SHOP | C100: MIL | D100: =IF(A100="","",IFERROR(VLOOKUP(CONCATENATE(C100,A100),'Std Vendor Name'!D:E,2,FALSE),"NEW VENDOR")) -> PATTHARA PHAN | E100: =IF(B100="","",B100) -> PATTHARA PHAN SHOP | F100: =IF(A100="","",A100) -> P0242 | G100: =C100&F100 -> MILP0242 | H100: =D100 -> PATTHARA PHAN
A101: I0101 | B101: INNOVATION DIGITAL PRINTING GROUP CO., LTD. | C101: MIL | D101: =IF(A101="","",IFERROR(VLOOKUP(CONCATENATE(C101,A101),'Std Vendor Name'!D:E,2,FALSE),"NEW VENDOR")) -> INNOVATION DIGITAL PRINTING | E101: =IF(B101="","",B101) -> INNOVATION DIGITAL PRINTING GROUP CO., LTD. | F101: =IF(A101="","",A101) -> I0101 | G101: =C101&F101 -> MILI0101 | H101: =D101 -> INNOVATION DIGITAL PRINTING
... A115: P0124 | B115: POLYASIA CO., LTD. | C115: MIL | D115: =IF(A115="","",IFERROR(VLOOKUP(CONCATENATE(C115,A115),'Std Vendor Name'!D:E,2,FALSE),"NEW VENDOR")) -> POLYASIA | E115: =IF(B115="","",B115) -> POLYASIA CO., LTD. | F115: =IF(A115="","",A115) -> P0124 | G115: =C115&F115 -> MILP0124 | H115: =D115 -> POLYASIA
A116: S0232 | B116: SUMMIT PRODUCT CO., LTD. | C116: MIL | D116: DONNELLEY | E116: =IF(B116="","",B116) -> SUMMIT PRODUCT CO., LTD. | F116: =IF(A116="","",A116) -> S0232 | G116: =C116&F116 -> MILS0232 | H116: =D116 -> DONNELLEY
A117: S0333 | B117: S.T. CHEMICAL BUSINESS CO., LTD. | C117: MIL | D117: =IF(A117="","",IFERROR(VLOOKUP(CONCATENATE(C117,A117),'Std Vendor Name'!D:E,2,FALSE),"NEW VENDOR")) -> S.T. CHEMICAL | E117: =IF(B117="","",B117) -> S.T. CHEMICAL BUSINESS CO., LTD. | F117: =IF(A117="","",A117) -> S0333 | G117: =C117&F117 -> MILS0333 | H117: =D117 -> S.T. CHEMICAL
A118: N0144 | B118: NOKAVIS CHEM CO., LTD. | C118: MIL | D118: =IF(A118="","",IFERROR(VLOOKUP(CONCATENATE(C118,A118),'Std Vendor Name'!D:E,2,FALSE),"NEW VENDOR")) -> NOKAVIS | E118: =IF(B118="","",B118) -> NOKAVIS CHEM CO., LTD. | F118: =IF(A118="","",A118) -> N0144 | G118: =C118&F118 -> MILN0144 | H118: =D118 -> NOKAVIS
A119: W0014 | B119: WINWON COMPANY LIMITED | C119: MIL | D119: =IF(A119="","",IFERROR(VLOOKUP(CONCATENATE(C119,A119),'Std Vendor Name'!D:E,2,FALSE),"NEW VENDOR")) -> WINWON | E119: =IF(B119="","",B119) -> WINWON COMPANY LIMITED | F119: =IF(A119="","",A119) -> W0014 | G119: =C119&F119 -> MILW0014 | H119: =D119 -> WINWON
A120: B0056 | B120: BORNEO TECHNICAL (THAILAND) LIMITED | C120: MIL | D120: =IF(A120="","",IFERROR(VLOOKUP(CONCATENATE(C120,A120),'Std Vendor Name'!D:E,2,FALSE),"NEW VENDOR")) -> BORNEO | E120: =IF(B120="","",B120) -> BORNEO TECHNICAL (THAILAND) LIMITED | F120: =IF(A120="","",A120) -> B0056 | G120: =C120&F120 -> MILB0056 | H120: =D120 -> BORNEO
A121: S0037 | B121: SRIRACHA MONGKOLCHAI CO., LTD. | C121: MIL | D121: =IF(A121="","",IFERROR(VLOOKUP(CONCATENATE(C121,A121),'Std Vendor Name'!D:E,2,FALSE),"NEW VENDOR")) -> SRIRACHA MONGKOLCHAI | E121: =IF(B121="","",B121) -> SRIRACHA MONGKOLCHAI CO., LTD. | F121: =IF(A121="","",A121) -> S0037 | G121: =C121&F121 -> MILS0037 | H121: =D121 -> SRIRACHA MONGKOLCHAI
A122: P0071 | B122: PERMAFLEX CO., LTD. | C122: MIL | D122: =IF(A122="","",IFERROR(VLOOKUP(CONCATENATE(C122,A122),'Std Vendor Name'!D:E,2,FALSE),"NEW VENDOR")) -> PERMA-FLEX | E122: =IF(B122="","",B122) -> PERMAFLEX CO., LTD. | F122: =IF(A122="","",A122) -> P0071 | G122: =C122&F122 -> MILP0071 | H122: =D122 -> PERMA-FLEX
A123: Z0027 | B123: ZHONGSHAN GLASSLID INDUSTRIES LTD. | C123: MIL | D123: =IF(A123="","",IFERROR(VLOOKUP(CONCATENATE(C123,A123),'Std Vendor Name'!D:E,2,FALSE),"NEW VENDOR")) -> GLASSLID | E123: =IF(B123="","",B123) -> ZHONGSHAN GLASSLID INDUSTRIES LTD. | F123: =IF(A123="","",A123) -> Z0027 | G123: =C123&F123 -> MILZ0027 | H123: =D123 -> GLASSLID
A124: G0110 | B124: GSK ELECTRONICS (THAILAND) CO., LTD. | C124: MIL | D124: =IF(A124="","",IFERROR(VLOOKUP(CONCATENATE(C124,A124),'Std Vendor Name'!D:E,2,FALSE),"NEW VENDOR")) -> GSK ELECTRONICS | E124: =IF(B124="","",B124) -> GSK ELECTRONICS (THAILAND) CO., LTD. | F124: =IF(A124="","",A124) -> G0110 | G124: =C124&F124 -> MILG0110 | H124: =D124 -> GSK ELECTRONICS
A125: S0307 | B125: SHIANG EY TECHNOLOGY GROUP CO., LTD. | C125: MIL | D125: IDEMITSU | E125: =IF(B125="","",B125) -> SHIANG EY TECHNOLOGY GROUP CO., LTD. | F125: =IF(A125="","",A125) -> S0307 | G125: =C125&F125 -> MILS0307 | H125: =D125 -> IDEMITSU
A126: J0041 | B126: JTN SUPPLY LIMITED PARTNERSHIP | C126: MIL | D126: =IF(A126="","",IFERROR(VLOOKUP(CONCATENATE(C126,A126),'Std Vendor Name'!D:E,2,FALSE),"NEW VENDOR")) -> JTN | E126: =IF(B126="","",B126) -> JTN SUPPLY LIMITED PARTNERSHIP | F126: =IF(A126="","",A126) -> J0041 | G126: =C126&F126 -> MILJ0041 | H126: =D126 -> JTN
A127: U0058 | B127: ULTIMATE PLUS SUPPLY CO.,LTD. | C127: MIL | D127: =IF(A127="","",IFERROR(VLOOKUP(CONCATENATE(C127,A127),'Std Vendor Name'!D:E,2,FALSE),"NEW VENDOR")) -> ULTIMATE | E127: =IF(B127="","",B127) -> ULTIMATE PLUS SUPPLY CO.,LTD. | F127: =IF(A127="","",A127) -> U0058 | G127: =C127&F127 -> MILU0058 | H127: =D127 -> ULTIMATE
A128: K0004 | B128: KINGS BRITE CO., LTD. | C128: MIL | D128: =IF(A128="","",IFERROR(VLOOKUP(CONCATENATE(C128,A128),'Std Vendor Name'!D:E,2,FALSE),"NEW VENDOR")) -> KINGS BRITE | E128: =IF(B128="","",B128) -> KINGS BRITE CO., LTD. | F128: =IF(A128="","",A128) -> K0004 | G128: =C128&F128 -> MILK0004 | H128: =D128 -> KINGS BRITE
A129: S0146 | B129: SUPAPORN THONGCHAI LTD., PART. | C129: MIL | D129: =IF(A129="","",IFERROR(VLOOKUP(CONCATENATE(C129,A129),'Std Vendor Name'!D:E,2,FALSE),"NEW VENDOR")) -> SUPAPORN THONGCHAI | E129: =IF(B129="","",B129) -> SUPAPORN THONGCHAI LTD., PART. | F129: =IF(A129="","",A129) -> S0146 | G129: =C129&F129 -> MILS0146 | H129: =D129 -> SUPAPORN THONGCHAI
A130: P0192 | B130: PEERAPAT TECHNOLOGY PUBLIC CO., LTD. | C130: MIL | D130: =IF(A130="","",IFERROR(VLOOKUP(CONCATENATE(C130,A130),'Std Vendor Name'!D:E,2,FALSE),"NEW VENDOR")) -> PEERAPAT | E130: =IF(B130="","",B130) -> PEERAPAT TECHNOLOGY PUBLIC CO., LTD. | F130: =IF(A130="","",A130) -> P0192 | G130: =C130&F130 -> MILP0192 | H130: =D130 -> PEERAPAT
A131: L0052 | B131: L T K INTERTRADING CO., LTD. | C131: MIL | D131: =IF(A131="","",IFERROR(VLOOKUP(CONCATENATE(C131,A131),'Std Vendor Name'!D:E,2,FALSE),"NEW VENDOR")) -> L T K | E131: =IF(B131="","",B131) -> L T K INTERTRADING CO., LTD. | F131: =IF(A131="","",A131) -> L0052 | G131: =C131&F131 -> MILL0052 | H131: =D131 -> L T K
A132: A0007 | B132: AMERICAN PETROCHEMICAL (THAILAND) CO., LTD. | C132: MIL | D132: =IF(A132="","",IFERROR(VLOOKUP(CONCATENATE(C132,A132),'Std Vendor Name'!D:E,2,FALSE),"NEW VENDOR")) -> AMERICAN PETROCHEMICAL | E132: =IF(B132="","",B132) -> AMERICAN PETROCHEMICAL (THAILAND) CO., LTD. | F132: =IF(A132="","",A132) -> A0007 | G132: =C132&F132 -> MILA0007 | H132: =D132 -> AMERICAN PETROCHEMICAL
A133: P0260 | B133: PEARL POLYMERS CO., LTD. | C133: MIL | D133: =IF(A133="","",IFERROR(VLOOKUP(CONCATENATE(C133,A133),'Std Vendor Name'!D:E,2,FALSE),"NEW VENDOR")) -> PEARL POLYMERS | E133: =IF(B133="","",B133) -> PEARL POLYMERS CO., LTD. | F133: =IF(A133="","",A133) -> P0260 | G133: =C133&F133 -> MILP0260 | H133: =D133 -> PEARL POLYMERS
A134: A0316 | B134: AWAKE CO., LTD. | C134: MIL | D134: =IF(A134="","",IFERROR(VLOOKUP(CONCATENATE(C134,A134),'Std Vendor Name'!D:E,2,FALSE),"NEW VENDOR")) -> AWAKE | E134: =IF(B134="","",B134) -> AWAKE CO., LTD. | F134: =IF(A134="","",A134) -> A0316 | G134: =C134&F134 -> MILA0316 | H134: =D134 -> AWAKE
A135: U0069 | B135: UNITED PRECISION ENGINEERING CO., LTD. | C135: MIL | D135: =IF(A135="","",IFERROR(VLOOKUP(CONCATENATE(C135,A135),'Std Vendor Name'!D:E,2,FALSE),"NEW VENDOR")) -> UNITED PRECISION ENGINEERING | E135: =IF(B135="","",B135) -> UNITED PRECISION ENGINEERING CO., LTD. | F135: =IF(A135="","",A135) -> U0069 | G135: =C135&F135 -> MILU0069 | H135: =D135 -> UNITED PRECISION ENGINEERING
A136: T0503 | B136: THAI SPECIAL GAS CO., LTD. | C136: MIL | D136: =IF(A136="","",IFERROR(VLOOKUP(CONCATENATE(C136,A136),'Std Vendor Name'!D:E,2,FALSE),"NEW VENDOR")) -> THAI SPECIAL | E136: =IF(B136="","",B136) -> THAI SPECIAL GAS CO., LTD. | F136: =IF(A136="","",A136) -> T0503 | G136: =C136&F136 -> MILT0503 | H136: =D136 -> THAI SPECIAL
A137: M0166 | B137: MEYER TRADING COMPANY LIMITED | C137: MIL | D137: =IF(A137="","",IFERROR(VLOOKUP(CONCATENATE(C137,A137),'Std Vendor Name'!D:E,2,FALSE),"NEW VENDOR")) -> MTC | E137: =IF(B137="","",B137) -> MEYER TRADING COMPANY LIMITED | F137: =IF(A137="","",A137) -> M0166 | G137: =C137&F137 -> MILM0166 | H137: =D137 -> MTC
... A197: Z0010 | B197: ZHONGSHAN GLASSLID INDUSTRIES LTD | C197: STC | D197: =IF(A197="","",IFERROR(VLOOKUP(CONCATENATE(C197,A197),'Std Vendor Name'!D:E,2,FALSE),"NEW VENDOR")) -> GLASSLID | E197: =IF(B197="","",B197) -> ZHONGSHAN GLASSLID INDUSTRIES LTD | F197: =IF(A197="","",A197) -> Z0010 | G197: =C197&F197 -> STCZ0010 | H197: =D197 -> GLASSLID
A198: DY06 | B198: DE YI BAO(JIANG MEN) | C198: MZQ | D198: SHI TAI | E198: =IF(B198="","",B198) -> DE YI BAO(JIANG MEN) | F198: =IF(A198="","",A198) -> DY06 | G198: =C198&F198 -> MZQDY06 | H198: =D198 -> SHI TAI
A199: YC10 | B199: GUANGZHOU YUANCHAO TAIYE TRADING CO.,LTD | C199: MZQ | D199: =IF(A199="","",IFERROR(VLOOKUP(CONCATENATE(C199,A199),'Std Vendor Name'!D:E,2,FALSE),"NEW VENDOR")) -> TAIYE | E199: =IF(B199="","",B199) -> GUANGZHOU YUANCHAO TAIYE TRADING CO.,LTD | F199: =IF(A199="","",A199) -> YC10 | G199: =C199&F199 -> MZQYC10 | H199: =D199 -> TAIYE
A200: TA41 | B200: HENG YU METAL PRODUCTS (GUANG DONG) CO.,LTD | C200: MZQ | D200: =IF(A200="","",IFERROR(VLOOKUP(CONCATENATE(C200,A200),'Std Vendor Name'!D:E,2,FALSE),"NEW VENDOR")) -> HENG XIN / HANG SENG | E200: =IF(B200="","",B200) -> HENG YU METAL PRODUCTS (GUANG DONG) CO.,LTD | F200: =IF(A200="","",A200) -> TA41 | G200: =C200&F200 -> MZQTA41 | H200: =D200 -> HENG XIN / HANG SENG
A201: LJ06 | B201: LI JIU SHI YIE FA ZHANG CO. | C201: MZQ | D201: =IF(A201="","",IFERROR(VLOOKUP(CONCATENATE(C201,A201),'Std Vendor Name'!D:E,2,FALSE),"NEW VENDOR")) -> LI JIU | E201: =IF(B201="","",B201) -> LI JIU SHI YIE FA ZHANG CO. | F201: =IF(A201="","",A201) -> LJ06 | G201: =C201&F201 -> MZQLJ06 | H201: =D201 -> LI JIU
A202: KB04 | B202: SHEN ZHEN KAIBO INDUSTRIAL CO.,LTD | C202: MZQ | D202: =IF(A202="","",IFERROR(VLOOKUP(CONCATENATE(C202,A202),'Std Vendor Name'!D:E,2,FALSE),"NEW VENDOR")) -> KAIBO | E202: =IF(B202="","",B202) -> SHEN ZHEN KAIBO INDUSTRIAL CO.,LTD | F202: =IF(A202="","",A202) -> KB04 | G202: =C202&F202 -> MZQKB04 | H202: =D202 -> KAIBO
A203: BF05 | B203: FO SHAN BANG FENG S/S CO.,LTD | C203: MZQ | D203: =IF(A203="","",IFERROR(VLOOKUP(CONCATENATE(C203,A203),'Std Vendor Name'!D:E,2,FALSE),"NEW VENDOR")) -> BANG FENG | E203: =IF(B203="","",B203) -> FO SHAN BANG FENG S/S CO.,LTD | F203: =IF(A203="","",A203) -> BF05 | G203: =C203&F203 -> MZQBF05 | H203: =D203 -> BANG FENG
A204: TA73 | B204: NAN JING LI SHANG GLASS PRODUCTS CO.,LTD | C204: MZQ | D204: =IF(A204="","",IFERROR(VLOOKUP(CONCATENATE(C204,A204),'Std Vendor Name'!D:E,2,FALSE),"NEW VENDOR")) -> LI SHANG | E204: =IF(B204="","",B204) -> NAN JING LI SHANG GLASS PRODUCTS CO.,LTD | F204: =IF(A204="","",A204) -> TA73 | G204: =C204&F204 -> MZQTA73 | H204: =D204 -> LI SHANG
A205: QY02 | B205: QING YUN | C205: MZQ | D205: =IF(A205="","",IFERROR(VLOOKUP(CONCATENATE(C205,A205),'Std Vendor Name'!D:E,2,FALSE),"NEW VENDOR")) -> QING YUN | E205: =IF(B205="","",B205) -> QING YUN | F205: =IF(A205="","",A205) -> QY02 | G205: =C205&F205 -> MZQQY02 | H205: =D205 -> QING YUN
A206: FM03 | B206: KE MU (CHANG SHU) FU HUA WU KE JI COM.,LTD. | C206: MZQ | D206: =IF(A206="","",IFERROR(VLOOKUP(CONCATENATE(C206,A206),'Std Vendor Name'!D:E,2,FALSE),"NEW VENDOR")) -> CHEMOURS | E206: =IF(B206="","",B206) -> KE MU (CHANG SHU) FU HUA WU KE JI COM.,LTD. | F206: =IF(A206="","",A206) -> FM03 | G206: =C206&F206 -> MZQFM03 | H206: =D206 -> CHEMOURS
A207: K0100 | B207: KORELTO (THAILAND) CO., LTD. | C207: MIL | D207: =IF(A207="","",IFERROR(VLOOKUP(CONCATENATE(C207,A207),'Std Vendor Name'!D:E,2,FALSE),"NEW VENDOR")) -> KORELTO | E207: =IF(B207="","",B207) -> KORELTO (THAILAND) CO., LTD. | F207: =IF(A207="","",A207) -> K0100 | G207: =C207&F207 -> MILK0100 | H207: =D207 -> KORELTO
A208: N0038 | B208: NANDEE-STRAPAC CO., LTD. | C208: MIL | D208: =IF(A208="","",IFERROR(VLOOKUP(CONCATENATE(C208,A208),'Std Vendor Name'!D:E,2,FALSE),"NEW VENDOR")) -> NANDEE STRAPAC | E208: =IF(B208="","",B208) -> NANDEE-STRAPAC CO., LTD. | F208: =IF(A208="","",A208) -> N0038 | G208: =C208&F208 -> MILN0038 | H208: =D208 -> NANDEE STRAPAC
...
