Workbook

Sheet Exchange rate table
A2: DATE : | B2: 45282
A4: FROM : | B4: ALEX
A6: TO : | B6: FINANCE DEPARTMENT
A9: ="EXCHANGE RATE FOR THE MONTH OF "&UPPER(TEXT(EOMONTH(B2,1),"MMM"))&" "&TEXT(EOMONTH(B2,1),"YYYY")&" (AR-Rate & AP-Rate)" -> EXCHANGE RATE FOR THE MONTH OF JAN 2024 (AR-Rate & AP-Rate)
H10: (Just for reference)
F11: (FOR STC ONLY) | H11: =+'Pacific Exchange Rate Service'!$B$3 -> 45281 | I11: Last Month
A12: CURRENCY | D12: UNIT | E12: HK DOLLAR | F12: CNY | H12: Market Rate | I12: Epicor AR-Rate | K12: Change +/-% | M12: Tolerance rate
A13: AUSTRALIAN DOLLAR | C13: AUD | D13: 1 | E13: =IF(ROUND(ABS(H13-I13),3)>0.1,H13,I13) -> 5.3 | H13: =ROUND(VLOOKUP($H$11,'Pacific Exchange Rate Service'!$B$2:$AA$57739,13,FALSE),1) -> 5.3 | I13: 5 | K13: =+E13/I13-1 -> 0.06 | M13: +/- $0.1
A14: CANADIAN DOLLAR | C14: CAD | D14: 1 | E14: =IF(ROUND(ABS(H14-I14),3)>0.1,H14,I14) -> 5.9 | H14: =ROUND(VLOOKUP($H$11,'Pacific Exchange Rate Service'!$B$2:$AA$57739,14,FALSE),1) -> 5.9 | I14: 5.7 | K14: =+E14/I14-1 -> 0.035087719 | M14: +/- $0.1
A15: CHINESE YUAN | C15: CNY | D15: 1 | E15: =IF(ROUND(ABS(H15-I15),3)>0.01,H15,I15) -> 1.08 | F15: 1 | H15: =ROUND(VLOOKUP($H$11,'Pacific Exchange Rate Service'!$B$2:$AA$57739,15,FALSE),2) -> 1.09 | I15: 1.08 | K15: =+E15/I15-1 -> 0 | M15: +/- $0.01
A16: EURO | C16: EUR | D16: 1 | E16: =IF(ROUND(ABS(H16-I16),3)>0.1,H16,I16) -> 8.6 | H16: =ROUND(VLOOKUP($H$11,'Pacific Exchange Rate Service'!$B$2:$AA$57739,16,FALSE),1) -> 8.6 | I16: 8.4 | K16: =+E16/I16-1 -> 0.023809524 | M16: +/- $0.1
A17: POUND STERLING | C17: GBP | D17: 1 | E17: =IF(ROUND(ABS(H17-I17),3)>0.1,H17,I17) -> 9.8 | H17: =ROUND(VLOOKUP($H$11,'Pacific Exchange Rate Service'!$B$2:$AA$57739,17,FALSE),1) -> 9.9 | I17: 9.8 | K17: =+E17/I17-1 -> 0 | M17: +/- $0.1
A18: JAPANESE YEN | C18: JPY | D18: 1 | E18: =IF(ROUND(ABS(H18-I18),3)>0.01,H18,I18) -> 0.06 | H18: =ROUND(VLOOKUP($H$11,'Pacific Exchange Rate Service'!$B$2:$AA$57739,18,FALSE),2) -> 0.05 | I18: 0.06 | K18: =+E18/I18-1 -> 0 | M18: +/- $0.01
A19: NEW TAIWANESE DOLLAR | C19: NTD | D19: 1 | E19: =IF(ROUND(ABS(H19-I19),3)>0.01,H19,I19) -> 0.25 | H19: =ROUND(VLOOKUP($H$11,'Pacific Exchange Rate Service'!$B$2:$AA$57739,19,FALSE),2) -> 0.25 | I19: 0.25 | K19: =+E19/I19-1 -> 0 | M19: +/- $0.01
A20: SINGAPORE DOLLAR | C20: SGD | D20: 1 | E20: =IF(ROUND(ABS(H20-I20),3)>0.1,H20,I20) -> 5.8 | H20: =ROUND(VLOOKUP($H$11,'Pacific Exchange Rate Service'!$B$2:$AA$57739,20,FALSE),1) -> 5.9 | I20: 5.8 | K20: =+E20/I20-1 -> 0 | M20: +/- $0.1
A21: THAILAND BAHT | C21: THB | D21: 1 | E21: =IF(ROUND(ABS(H21-I21),3)>0.01,H21,I21) -> 0.22 | H21: =ROUND(VLOOKUP($H$11,'Pacific Exchange Rate Service'!$B$2:$AA$57739,21,FALSE),2) -> 0.22 | I21: 0.22 | K21: =+E21/I21-1 -> 0 | M21: +/- $0.01
A22: SWISS FRANCS | C22: CHF | D22: 1 | E22: =IF(ROUND(ABS(H22-I22),3)>0.1,H22,I22) -> 9.1 | H22: =ROUND(VLOOKUP($H$11,'Pacific Exchange Rate Service'!$B$2:$AA$57739,22,FALSE),1) -> 9.1 | I22: 8.8 | K22: =+E22/I22-1 -> 0.034090909 | M22: +/- $0.1
A23: U.S. DOLLAR | C23: USD | D23: 1 | E23: 7.8 | H23: 7.8 | I23: 7.8 | K23: =+E23/I23-1 -> 0 | M23: +/- $0.1
A24: HK DOLLAR | C24: HKD | D24: 1 | E24: 1 | F24: =ROUND(+E24/$E$15,4) -> 0.9259 | H24: 1 | I24: 1 | K24: =+E24/I24-1 -> 0 | M24: +/- $0.1
A27: MHK :
A29: MMC :
A31: MTC :
A33: MXL :

Sheet AR
B1: AR EXCHANGE RATE FOR 2019
A3: MTH | B3: CNY | C3: AUD | D3: GBP | E3: EURO | F3: USD
A4: DEC 18 | B4: 1.15 | C4: 5.8 | D4: 10 | E4: 9.1 | F4: 7.8
A5: JAN 19 | B5: 1.14 | C5: 5.6 | D5: 9.9 | E5: 8.9 | F5: 7.8
A6: FEB 19 | B6: 1.16 | C6: 5.6 | D6: 10.3 | E6: 8.9 | F6: 7.8
A7: MAR 19 | B7: 1.17 | C7: 5.6 | D7: 10.4 | E7: 8.9 | F7: 7.8
A8: APR 19 | B8: 1.16 | C8: 5.6 | D8: 10.3 | E8: 8.8 | F8: 7.8
A9: MAY 19 | B9: 1.16 | C9: 5.5 | D9: 10.1 | E9: 8.8 | F9: 7.8
A10: JUN 19 | B10: 1.13 | C10: 5.5 | D10: 9.8 | E10: 8.8 | F10: 7.8
A11: JUL 19 | B11: 1.13 | C11: 5.5 | D11: 9.8 | E11: 8.8 | F11: 7.8
A12: AUG 19 | B12: 1.13 | C12: 5.5 | D12: 9.8 | E12: 8.8 | F12: 7.8
A13: SEP 19 | B13: 1.09 | C13: 5.3 | D13: 9.5 | E13: 8.6 | F13: 7.8
A14: OCT 19 | B14: 1.09 | C14: 5.3 | D14: 9.5 | E14: 8.6 | F14: 7.8
A15: NOV 19 | B15: 1.09 | C15: 5.3 | D15: 10 | E15: 8.6 | F15: 7.8
... A19: MAR 20 | B19: 1.11 | C19: 5.3 | D19: 10.2 | E19: 8.6 | F19: 7.8
A20: APR 20 | F20: 7.8
A21: MAY 20 | F21: 7.8
A22: JUN 20 | F22: 7.8
A23: JUL 20 | F23: 7.8
A24: AUG 20 | F24: 7.8
A25: SEP 20 | F25: 7.8
A26: OCT 20 | F26: 7.8
A27: NOV 20 | F27: 7.8
A28: DEC 20 | F28: 7.8

Sheet AP
C1: AP STANDARD EXCHANGE RATE
B4: AUD | C4: CAD | D4: CNY | E4: EURO | F4: GBP
A5: 2018 | B5: 6 | C5: 6.1 | D5: 1.2 | E5: 9.3 | F5: 10.3
A6: 2019 | B6: 5.6 | C6: 5.8 | D6: 1.14 | E6: 8.9 | F6: 9.9
A7: 2020 | B7: 5.34 | C7: 5.93 | D7: 1.11 | E7: 8.7 | F7: 10.25
B10: JPY | C10: NTD | D10: SGD | E10: THB | F10: USD
A11: 2018 | B11: 0.068 | C11: 0.26 | D11: 5.8 | E11: 0.24 | F11: 7.8
A12: 2019 | B12: 0.069 | C12: 0.26 | D12: 5.7 | E12: 0.24 | F12: 7.8
A13: 2020 | B13: 0.072 | C13: 0.26 | D13: 5.75 | E13: 0.26 | F13: 7.8

Sheet Pacific Exchange Rate Service
A1: PACIFIC Exchange Rate Service | N1: Convert to HKD and re-arrange the sequence
A2: Jul.Day | B2: YYYY/MM/DD | C2: Wdy | D2: USD/CAD | E2: USD/EUR | F2: USD/GBP | G2: USD/JPY | H2: USD/AUD | I2: USD/CNY | J2: USD/SGD | K2: USD/CHF | L2: USD/TWD | M2: USD/THB | N2: HKD/AUD | O2: HKD/CAD | P2: HKD/CNY | Q2: HKD/EUR | R2: HKD/GBP | S2: HKD/JPY | T2: HKD/NTD | U2: HKD/SGD | V2: HKD/THB | W2: HKD/CHF
A3: 2460300 | B3: 45281 | C3: Thu | D3: 0.75126 | E3: 1.0989 | F3: 1.2671 | G3: 0.0070243 | H3: 0.67846 | I3: 0.14003 | J3: 0.75336 | K3: 1.1658 | L3: 0.032019 | M3: 0.028789 | N3: =IF(M3="","",ROUND(+H3*7.8,4)) -> 5.292 | O3: =IF(M3="","",ROUND(+D3*7.8,4)) -> 5.8598 | P3: =IF(M3="","",ROUND(+I3*7.8,4)) -> 1.0922 | Q3: =IF(M3="","",ROUND(+E3*7.8,4)) -> 8.5714 | R3: =IF(M3="","",ROUND(+F3*7.8,4)) -> 9.8834 | S3: =IF(M3="","",ROUND(+G3*7.8,4)) -> 0.0548 | T3: =IF(M3="","",ROUND(+L3*7.8,4)) -> 0.2497 | U3: =IF(M3="","",ROUND(+J3*7.8,4)) -> 5.8762 | V3: =IF(M3="","",ROUND(+M3*7.8,4)) -> 0.2246 | W3: =IF(M3="","",ROUND(+K3*7.8,4)) -> 9.0932
A117: © 2023 by Prof. Werner Antweiler, University of British Columbia, Vancouver BC, Canada
A118: 2459906 | B118: 44887 | C118: Tue | D118: 0.74649 | E118: 1.02814 | F118: 1.188 | G118: 0.0070768 | H118: 0.66363 | I118: 0.14004 | J118: 0.72514 | K118: 1.04979 | L118: 0.032092 | M118: 0.027689
A119: 2459905 | B119: 44886 | C119: Mon | D119: 0.74338 | E119: 1.02423 | F119: 1.1806 | G119: 0.0070473 | H119: 0.6605 | I119: 0.13953 | J119: 0.72354 | K119: 1.04319 | L119: 0.032025 | M119: 0.027576
A120: 2459902 | B120: 44883 | C120: Fri | D120: 0.74711 | E120: 1.03444 | F120: 1.1897 | G120: 0.0071349 | H120: 0.66821 | I120: 0.14046 | J120: 0.72783 | K120: 1.04923 | L120: 0.032118 | M120: 0.027896
A121: 2459901 | B121: 44882 | C121: Thu | D121: 0.74906 | E121: 1.03438 | F121: 1.1819 | G121: 0.0071236 | H121: 0.66666 | I121: 0.1397 | J121: 0.72629 | K121: 1.04966 | L121: 0.032053 | M121: 0.027886
A122: 2459900 | B122: 44881 | C122: Wed | D122: 0.75126 | E122: 1.03891 | F122: 1.1887 | G122: 0.007167 | H122: 0.67433 | I122: 0.14109 | J122: 0.7297 | K122: 1.05995 | L122: 0.032124 | M122: 0.027944
A123: 2459899 | B123: 44880 | C123: Tue | D123: 0.75245 | E123: 1.03762 | F123: 1.1889 | G123: 0.0071859 | H123: 0.67577 | I123: 0.14199 | J123: 0.72987 | K123: 1.05944 | L123: 0.03219 | M123: 0.028143
A124: 2459898 | B124: 44879 | C124: Mon | D124: 0.75256 | E124: 1.03349 | F124: 1.1759 | G124: 0.0071267 | H124: 0.67046 | I124: 0.14141 | J124: 0.72848 | K124: 1.05968 | L124: 0.032292 | M124: 0.027894
A125: 2459894 | B125: 44875 | C125: Thu | D125: 0.7475 | E125: 1.01495 | F125: 1.1648 | G125: 0.0070265 | H125: 0.65638 | I125: 0.13903 | J125: 0.72066 | K125: 1.03117 | L125: 0.031709 | M125: 0.027429
A126: 2459893 | B126: 44874 | C126: Wed | D126: 0.74184 | E126: 1.00252 | F126: 1.1383 | G126: 0.0068323 | H126: 0.64451 | I126: 0.13806 | J126: 0.71342 | K126: 1.01573 | L126: 0.03141 | M126: 0.02707
A127: 2459892 | B127: 44873 | C127: Tue | D127: 0.74399 | E127: 1.0055 | F127: 1.1529 | G127: 0.0068596 | H127: 0.65077 | I127: 0.13794 | J127: 0.71446 | K127: 1.01347 | L127: 0.031322 | M127: 0.026963
A128: 2459891 | B128: 44872 | C128: Mon | D128: 0.74113 | E128: 1.00089 | F128: 1.1492 | G128: 0.0068257 | H128: 0.64737 | I128: 0.13837 | J128: 0.71311 | K128: 1.01119 | L128: 0.031261 | M128: 0.026764
A129: 2459888 | B129: 44869 | C129: Fri | D129: 0.73981 | E129: 0.99023 | F129: 1.1303 | G129: 0.0067988 | H129: 0.6446 | I129: 0.13908 | J129: 0.71103 | K129: 1.00222 | L129: 0.031227 | M129: 0.026763
... A266: 2459689 | B266: 44670 | C266: Tue | D266: 0.79214 | E266: 1.07929 | F266: 1.3001 | G266: 0.0077709 | H266: 0.73725 | I266: 0.15645 | J266: 0.7313 | K266: 1.0541 | L266: 0.034133 | M266: 0.02961
A267: 2459688 | B267: 44669 | C267: Mon | D267: 0.79252 | E267: 1.07894 | F267: 1.3019 | G267: 0.0078855 | H267: 0.73578 | I267: 0.15708 | J267: 0.73451 | K267: 1.05936 | L267: 0.034189
A268: 2459684 | B268: 44665 | C268: Thu | D268: 0.79359 | E268: 1.08206 | F268: 1.3072 | G268: 0.0079438 | H268: 0.74209 | I268: 0.15681 | J268: 0.73701 | K268: 1.06222 | L268: 0.03441 | M268: 0.029613
A269: 2459683 | B269: 44664 | C269: Wed | D269: 0.79321 | E269: 1.0859 | F269: 1.3061 | G269: 0.0079559 | H269: 0.74276 | I269: 0.15706 | J269: 0.73348 | K269: 1.07052 | L269: 0.034449 | M269: 0.029932
A270: 2459682 | B270: 44663 | C270: Tue | D270: 0.79258 | E270: 1.08544 | F270: 1.3026 | G270: 0.0079813 | H270: 0.74708 | I270: 0.15709 | J270: 0.73377 | K270: 1.07426 | L270: 0.03435 | M270: 0.029776
A271: 2459681 | B271: 44662 | C271: Mon | D271: 0.79233 | E271: 1.08874 | F271: 1.3031 | G271: 0.0079629 | H271: 0.74257 | I271: 0.15696 | J271: 0.73251 | K271: 1.07305 | L271: 0.034411 | M271: 0.02973
A272: 2459678 | B272: 44659 | C272: Fri | D272: 0.79434 | E272: 1.08666 | F272: 1.3022 | G272: 0.0080388 | H272: 0.74533 | I272: 0.15712 | J272: 0.73342 | K272: 1.06998 | L272: 0.03457 | M272: 0.02977
A273: 2459677 | B273: 44658 | C273: Thu | D273: 0.79466 | E273: 1.08972 | F273: 1.3068 | G273: 0.0080658 | H273: 0.74777 | I273: 0.15718 | J273: 0.73482 | K273: 1.07136 | L273: 0.034663 | M273: 0.029802
A274: 2459676 | B274: 44657 | C274: Wed | D274: 0.79942 | E274: 1.09105 | F274: 1.3079 | G274: 0.0080742 | H274: 0.75385 | I274: 0.15725 | J274: 0.73563 | K274: 1.07187 | L274: 0.034799 | M274: 0.029726
A275: 2459675 | B275: 44656 | C275: Tue | D275: 0.80315 | E275: 1.09308 | F275: 1.3109 | G275: 0.0081118 | H275: 0.7609 | I275: 0.15718 | J275: 0.73665 | K275: 1.07774 | L275: 0.034873 | M275: 0.029868
A276: 2459674 | B276: 44655 | C276: Mon | D276: 0.80064 | E276: 1.09832 | F276: 1.3111 | G276: 0.0081425 | H276: 0.75348 | I276: 0.15717 | J276: 0.73691 | K276: 1.07966 | L276: 0.034916 | M276: 0.029837
A277: 2459671 | B277: 44652 | C277: Fri | D277: 0.79923 | E277: 1.10422 | F277: 1.3107 | G277: 0.0081522 | H277: 0.74984 | I277: 0.15713 | J277: 0.73706 | K277: 1.08008 | L277: 0.034862 | M277: 0.029868
A278: 2459670 | B278: 44651 | C278: Thu | D278: 0.80026 | E278: 1.1086 | F278: 1.3138 | G278: 0.0082266 | H278: 0.74936 | I278: 0.15773 | J278: 0.73832 | K278: 1.08371 | L278: 0.034915 | M278: 0.030128
A279: 2459669 | B279: 44650 | C279: Wed | D279: 0.80192 | E279: 1.11516 | F279: 1.3149 | G279: 0.0082037 | H279: 0.75149 | I279: 0.1575 | J279: 0.73905 | K279: 1.08252 | L279: 0.03498 | M279: 0.02999
... A339: 2459584 | B339: 44565 | C339: Tue | D339: 0.78691 | E339: 1.12897 | F339: 1.3529 | G339: 0.0086087 | H339: 0.72301 | I339: 0.15691 | J339: 0.73749 | K339: 1.09144 | L339: 0.036316 | M339: 0.030114
A341: © 2023 by Prof. Werner Antweiler, University of British Columbia, Vancouver BC, Canada
